ID,Name,Age
1,John Doe,28
2,Jane Smith,34
3,Emily Davis,22
4,Michael Johnson,45
5,Anna Brown,39
6,James Wilson,56
7,Mary Moore,48
8,David Taylor,30
9,Susan Anderson,41
10,Robert Thomas,33
11,Linda Jackson,29
12,William White,50
13,Elizabeth Harris,60
14,George Martin,27
15,Karen Lee,31
16,Charles Clark,38
17,Amy Walker,26
18,Matthew Hall,35
19,Sandra Allen,52
20,Donald Young,59
21,Jessica King,40
22,Mark Scott,47
23,Paul Adams,51
24,Betty Nelson,44
25,Andrew Carter,29
26,Rachel Mitchell,25
27,Joseph Perez,36
28,Laura Roberts,33
29,Kenneth Turner,53
30,Megan Phillips,32
31,Steven Campbell,60
32,Lisa Parker,58
33,Daniel Evans,41
34,Deborah Edwards,39
35,Joshua Collins,46
36,Patricia Stewart,43
37,Frank Sanchez,32
38,Susan Morris,38
39,Matthew Rogers,34
40,Jennifer Reed,28
41,Timothy Cook,30
42,Deborah Bell,48
43,John Green,34
44,Steven Harris,28
45,Lori Murphy,50
46,Gregory Rivera,45
47,Rebecca Cooper,41
48,Edward Bailey,39
49,Christopher James,55
50,Olivia Walker,27
51,Henry Allen,36
52,Julia Harris,33
53,Anthony Young,49
54,Diane King,40
55,Charles Lewis,54
56,Linda Lee,29
57,William Walker,48
58,Joshua Hall,41
59,Anna Scott,46
60,David Brown,27
61,Ashley Wilson,38
62,Michael Robinson,50
63,James Harris,47
64,Emily Martinez,29
65,Christopher Clark,44
66,Rebecca Allen,51
67,Daniel Lewis,32
68,Megan Scott,39
69,James Thompson,50
70,Susan Harris,45
71,Thomas White,55
72,John Adams,37
73,Lisa Turner,41
74,Paul Mitchell,46
75,Katherine Campbell,40
76,Matthew Harris,54
77,Betty Clark,33
78,William Allen,52
79,Kevin Baker,27
80,Patricia Morris,43
81,Jessica Anderson,56
82,Richard Davis,38
83,Angela Wright,41
84,Steven Young,44
85,Laura Green,49
86,Robert Johnson,45
87,Karen Walker,36
88,Mary Smith,32
89,John Turner,29
90,Susan Harris,51
91,David White,43
92,Emily Lewis,36
93,Richard King,42
94,Amy Scott,54
95,Megan Hall,39
96,James Lee,41
97,Elizabeth Turner,32
98,Michael King,50
99,Patricia Robinson,47
100,Steven Green,39
